First Name,Last Name,Gender,Country,Age,Employee ID
Pinki,Reddy,F,IN,41,938408
Alex,Campos,M,MX,34,132219
Shannon,Thompson,F,US,35,917946
Tian,Jin,M,CN,44,926311
Jim,Campbell,M,US,59,376154
Karen,Gonzalez,F,US,37,054553
Patrick,Hernandez,M,US,38,147529
Chantal,Dumont,F,FR,61,820538
Cynthia,Mendoza,F,US,27,113119
Jeff,Guerrero,M,US,56,918402
Mohit,Rana,M,IN,46,725019
David,Vega,M,US,40,340646
Julia,Guzman,F,US,65,863177
Lori,Mejia,F,US,61,529944
Neelam,Patel,F,IN,30,635460
Anju,Jain,F,IN,27,576227
Sandy,Estrada,F,US,65,496136
Mari,Ramos,F,MX,40,316734
Ruben,Alvarez,M,MX,41,699466
Jennifer,Guerrero,F,US,55,466791
Jesus,Nunez,M,MX,62,597391
Pedro,Aguilar,M,US,63,477836
Lionel,Santos,M,FR,50,552435
Nancy,Lee,F,US,41,765249
Amanda,Gomez,F,US,52,115237
Mario,Gonzales,M,US,25,717654
Hussain,lshryf,M,SA,43,400814
Lai,Xiong,M,CN,62,497121
Tiffany,Lee,F,US,50,424524
Ankita,Rai,F,IN,18,483214
Armando,Sandoval,M,MX,34,864352
Carlos,Marie,M,US,32,750686
Hnn,lrshydy,F,SA,53,029475
Julio,Maldonado,M,US,65,466637
Angela,Thomas,F,US,20,511063
Angel,Rojas,M,US,20,098787
Deepika,Pandit,F,IN,35,629104
Xie,Song,F,CN,42,544998
Karim,Adam,M,FR,60,292487
Um,Khan,F,SA,46,900351
Krishna,Prajapati,M,IN,55,340910
Diana,Ramirez,F,MX,20,993940
Lakshmi,Malik,F,IN,54,053520
Juan Manuel,Silva,M,MX,27,933330
Hector,Clark,M,US,60,521479
Rani,Agarwal,F,IN,24,065447
Yi,He,F,CN,34,973070
Samantha,Nelson,F,US,59,868998
Laura,Alvarez,F,US,43,377490
fTmh,mHmwd,F,SA,24,005418
Queenie,Fang,F,CN,57,727426
Linda,Torres,F,US,42,604525
Samantha,Martinez,F,US,31,002378
Jeff,Singh,M,US,56,942866
Vinod,Meena,M,IN,47,691641
`bwd,Ibrahim,M,SA,55,605655
Stephen,Miller,M,US,61,236003
Karen,Sanchez,F,US,38,055419
Natalie,Castillo,F,US,51,468952
Magali,Marchand,F,FR,29,917677
Stephen,Ramos,M,US,47,158612
Steven,Williams,M,US,35,218305
Sofia,Maldonado,F,MX,20,771522
John,Flores,M,US,20,148525
Margarita,Pacheco,F,MX,64,098782
Nan,Lee,F,CN,55,732934
Emily,Green,F,US,59,551517
Chandan,Behera,M,IN,59,645579
Katie,Ortega,F,US,45,948858
Antonio,Ortega,M,US,45,408495
Tina,Lee,F,US,21,326991
Justin,Johnson,M,US,52,900744
fhd,Mohammad,M,SA,32,589444
Alex,Jackson,M,US,50,568959
Alex,Castillo,M,US,42,035066
Akash,Mandal,M,IN,51,331983
Shahad,lHrby,F,SA,46,461794
Rakesh,Das,M,IN,65,729428
Sean,Adams,M,US,55,278522
Jeff,Ortiz,M,US,58,739185
Jing,Cheng,F,CN,29,738588
Ana,Campbell,F,US,33,668236
Raju,Jadhav,M,IN,57,629499
Bill,Kim,M,US,57,360559
Rafael,Taylor,M,US,42,496971
Sergio,Martinez,M,US,26,555710
Andrew,Carter,M,US,45,382987
Sandra,Rojas,F,US,30,724893
Ramesh,Sen,M,IN,43,244053
Antonio,Herrera,M,US,50,273095
Sunny,Kushwaha,M,IN,63,927713
Supriya,Roy,F,IN,56,798516
Vero,Leon,F,MX,44,920888
Lv,Qi,M,CN,18,196942
Jonathan,Mejia,M,US,28,437237
Liz,Vasquez,F,US,48,611924
Joshua,Estrada,M,US,19,842451
bw,Hsyn,M,SA,57,511587
Martha,Gutierrez,F,US,28,777158
Cheung,Cheung,M,CN,24,707836
